CustomerID,FirstName,LastName,Email,Phone,Address,LoyaltyStatus
1,Oscar,Wilson,oscar.wilson26@example.co.uk,07889388389,"63 Oak Lane, Manchester, LE1 1MM",Bronze
2,Sue,Torres,sue.torres914@example.co.uk,07839191161,"152 Victoria St, London, SW1A 1AA",Bronze
3,Noah,Allen,noah.allen518@example.co.uk,07854127824,"144 Oak Lane, Leicester, NG1 1LL",Platinum
4,Olivia,Campbell,olivia.campbell604@example.co.uk,07771948749,"2 School Lane, Coventry, M1 1CC",Platinum
5,Victor,Wright,victor.wright160@example.co.uk,07755900581,"87 Church Rd, Birmingham, BS1 1GG",Bronze
6,Wendy,Nelson,wendy.nelson619@example.co.uk,07767946335,"12 Manor Rd, Edinburgh, G1 1JJ",Bronze
7,Yasmin,Davies,yasmin.davies566@example.co.uk,07775969693,"161 Mill Rd, Newcastle, BD1 1PP",Gold
8,Kevin,Walker,kevin.walker722@example.co.uk,07717148050,"170 Oak Lane, Coventry, S1 1EE",Bronze
9,Olivia,Evans,olivia.evans390@example.co.uk,07771575435,"163 Hill Rd, Liverpool, M1 1CC",Gold
10,Wendy,Hall,wendy.hall687@example.co.uk,07768835911,"175 Bridge St, Birmingham, CF1 1KK",Silver
11,Ivan,Ward,ivan.ward251@example.co.uk,07741584714,"98 Elm St, Newcastle, NG1 1LL",Silver
12,Sue,Baker,sue.baker864@example.co.uk,07896913694,"15 Oak Lane, Bradford, SW1A 1AA",Gold
13,Zoe,Wright,zoe.wright68@example.co.uk,07754694731,"184 Park Rd, Leeds, NG1 1LL",Platinum
14,Zoe,Rivera,zoe.rivera470@example.co.uk,07736377746,"36 Oak Lane, Leicester, G1 1JJ",Gold
15,Will,Morgan,will.morgan439@example.co.uk,07849518801,"93 Oak Lane, Manchester, G1 1JJ",Platinum
16,Frank,Peterson,frank.peterson49@example.co.uk,07728260265,"161 Main Ave, Coventry, NG1 1LL",Platinum
17,Mike,Brown,mike.brown395@example.co.uk,07797724834,"120 Green Lane, Sheffield, G1 1JJ",Bronze
18,Sue,Ward,sue.ward118@example.co.uk,07874663054,"193 Elm St, Coventry, NG1 1LL",Gold
19,Harry,Scott,harry.scott446@example.co.uk,07740575763,"1 Manor Rd, Newcastle, LE1 1MM",Gold
20,George,Peterson,george.peterson183@example.co.uk,07829211579,"161 Elm St, Bradford, NG1 1LL",Silver
21,Jack,Carter,jack.carter781@example.co.uk,07741665579,"200 King St, Glasgow, NE1 1QQ",Bronze
22,Mike,Baker,mike.baker501@example.co.uk,07704217301,"93 King St, Bradford, CV1 1NN",Gold
23,Peter,Taylor,peter.taylor247@example.co.uk,07845182582,"22 Manor Rd, Edinburgh, BD1 1PP",Bronze
24,Xena,Rogers,xena.rogers785@example.co.uk,07732234628,"169 Station Rd, Glasgow, M1 1CC",Gold
25,Helen,Bell,helen.bell434@example.co.uk,07754665492,"194 Manor Rd, Leicester, LS1 1DD",Gold
26,Zoe,Cooper,zoe.cooper666@example.co.uk,07795559381,"133 Station Rd, Birmingham, LS1 1DD",Silver
27,Emma,Adams,emma.adams22@example.co.uk,07850680828,"59 Mill Rd, Leeds, SW1A 1AA",Bronze
28,Una,Bailey,una.bailey61@example.co.uk,07758170674,"9 Hill Rd, Liverpool, B1 1BB",Silver
29,Rose,Cooper,rose.cooper498@example.co.uk,07754665427,"34 Manor Rd, Newcastle, NE1 1QQ",Platinum
30,Peter,Edwards,peter.edwards827@example.co.uk,07804299659,"25 Church Rd, Nottingham, BS1 1GG",Gold
31,Beth,Turner,beth.turner479@example.co.uk,07886156802,"173 Bridge St, Nottingham, B1 1BB",Bronze
32,Zoe,Ward,zoe.ward348@example.co.uk,07727360735,"50 Oak Lane, Glasgow, EH1 1HH",Silver
33,Beth,Lee,beth.lee286@example.co.uk,07818361941,"20 Station Rd, Coventry, BD1 1PP",Bronze
34,David,Rivera,david.rivera554@example.co.uk,07703197793,"193 Hill Rd, Leeds, M1 1CC",Platinum
35,Fiona,Edwards,fiona.edwards219@example.co.uk,07802161483,"43 Victoria St, London, BS1 1GG",Gold
36,Diana,Scott,diana.scott434@example.co.uk,07878865990,"143 Bridge St, Leicester, EH1 1HH",Silver
37,Mia,Scott,mia.scott223@example.co.uk,07714707314,"189 Green Lane, London, LE1 1MM",Gold
38,David,Taylor,david.taylor599@example.co.uk,07822627276,"136 Main Ave, London, G1 1JJ",Bronze
39,Liam,Brown,liam.brown610@example.co.uk,07717808011,"61 Victoria St, Birmingham, NE1 1QQ",Silver
40,Laura,Bell,laura.bell41@example.co.uk,07858185965,"108 Bridge St, Cardiff, CF1 1KK",Gold
41,Quinn,Hall,quinn.hall686@example.co.uk,07883429445,"62 Elm St, Bristol, M1 1CC",Gold
42,Diana,Baker,diana.baker952@example.co.uk,07892176066,"3 Station Rd, Cardiff, CF1 1KK",Bronze
43,Emma,Rogers,emma.rogers219@example.co.uk,07829378082,"34 King St, Liverpool, NE1 1QQ",Bronze
44,Peter,Carter,peter.carter292@example.co.uk,07740559469,"140 Manor Rd, Sheffield, CF1 1KK",Bronze
45,Ray,Reed,ray.reed307@example.co.uk,07869208618,"35 Elm St, Birmingham, NE1 1QQ",Bronze
46,Will,Reed,will.reed160@example.co.uk,07769395442,"155 Oak Lane, Leicester, L1 1FF",Silver
47,Sue,Bailey,sue.bailey874@example.co.uk,07767629959,"126 Elm St, Newcastle, NE1 1QQ",Bronze
48,Frank,Bailey,frank.bailey434@example.co.uk,07770146228,"1 Park Rd, Coventry, M1 1CC",Gold
49,Karen,Torres,karen.torres453@example.co.uk,07841839945,"110 Green Lane, London, B1 1BB",Bronze
50,Tom,Roberts,tom.roberts559@example.co.uk,07709975136,"95 Mill Rd, Glasgow, M1 1CC",Platinum
51,Isla,Williams,isla.williams316@example.co.uk,07793934794,"11 King St, Liverpool, LS1 1DD",Silver
52,Ray,Evans,ray.evans363@example.co.uk,07899687080,"105 Mill Rd, Leicester, M1 1CC",Silver
53,Karen,Lee,karen.lee903@example.co.uk,07805125990,"46 Manor Rd, Newcastle, L1 1FF",Platinum
54,Ray,Torres,ray.torres831@example.co.uk,07763379766,"41 School Lane, Leicester, B1 1BB",Platinum
55,Carol,Edwards,carol.edwards228@example.co.uk,07751956253,"118 Park Rd, Sheffield, BD1 1PP",Silver
56,Olivia,Jones,olivia.jones676@example.co.uk,07749517821,"85 Elm St, Bradford, B1 1BB",Gold
57,Wendy,Rivera,wendy.rivera522@example.co.uk,07802812526,"138 Park Rd, London, B1 1BB",Gold
58,Liam,Morgan,liam.morgan986@example.co.uk,07767140115,"28 Mill Rd, Bristol, L1 1FF",Gold
59,Beth,Bell,beth.bell524@example.co.uk,07729503906,"148 Oak Lane, Sheffield, SW1A 1AA",Platinum
60,Alice,Morris,alice.morris948@example.co.uk,07837820221,"185 Manor Rd, Leicester, NG1 1LL",Silver
61,Xander,Phillips,xander.phillips72@example.co.uk,07870446239,"160 Park Rd, Nottingham, BD1 1PP",Bronze
62,Val,Green,val.green520@example.co.uk,07779799287,"105 Park Rd, Bristol, LE1 1MM",Gold
63,Julia,Thomas,julia.thomas197@example.co.uk,07807797229,"98 Bridge St, Leicester, NE1 1QQ",Silver
64,Nina,Cook,nina.cook309@example.co.uk,07803674553,"1 Elm St, Sheffield, LS1 1DD",Platinum
65,Laura,Bell,laura.bell671@example.co.uk,07782587575,"114 Station Rd, Nottingham, LS1 1DD",Platinum
66,Will,Johnson,will.johnson675@example.co.uk,07721397571,"132 Bridge St, Nottingham, CF1 1KK",Gold
67,Frank,Peterson,frank.peterson241@example.co.uk,07872425498,"58 School Lane, Leeds, M1 1CC",Bronze
68,Carol,Young,carol.young487@example.co.uk,07856991014,"197 Church Rd, Edinburgh, BS1 1GG",Silver
69,Una,Cox,una.cox394@example.co.uk,07826519066,"63 Main Ave, Nottingham, LE1 1MM",Bronze
70,Xena,Gray,xena.gray907@example.co.uk,07727916232,"109 Oak Lane, Manchester, CV1 1NN",Platinum
71,David,Reed,david.reed256@example.co.uk,07731578634,"35 School Lane, Edinburgh, NG1 1LL",Gold
72,Xena,Campbell,xena.campbell628@example.co.uk,07884629298,"110 Hill Rd, Newcastle, G1 1JJ",Platinum
73,Karen,Torres,karen.torres883@example.co.uk,07821571932,"67 School Lane, Leeds, BD1 1PP",Gold
74,Yusuf,Gray,yusuf.gray534@example.co.uk,07824757193,"62 Elm St, Edinburgh, B1 1BB",Gold
75,Peter,Wright,peter.wright344@example.co.uk,07781666390,"21 Main Ave, Manchester, LS1 1DD",Platinum
76,Tom,Roberts,tom.roberts724@example.co.uk,07754167348,"107 Victoria St, Liverpool, G1 1JJ",Platinum
77,Aaron,Taylor,aaron.taylor212@example.co.uk,07807508396,"198 Mill Rd, Leicester, SW1A 1AA",Platinum
78,Evan,Smith,evan.smith966@example.co.uk,07790413118,"193 Victoria St, Bradford, NE1 1QQ",Platinum
79,Ivan,Torres,ivan.torres753@example.co.uk,07839938722,"155 King St, Leeds, EH1 1HH",Silver
80,Rose,Phillips,rose.phillips498@example.co.uk,07707507746,"87 Bridge St, Nottingham, CV1 1NN",Platinum
81,Val,Johnson,val.johnson861@example.co.uk,07819233827,"160 Green Lane, London, NE1 1QQ",Platinum
82,Laura,Cook,laura.cook679@example.co.uk,07706188025,"165 Victoria St, Manchester, BD1 1PP",Platinum
83,Liam,Taylor,liam.taylor267@example.co.uk,07797443254,"55 Station Rd, Liverpool, L1 1FF",Platinum
84,Rose,Peterson,rose.peterson975@example.co.uk,07807364525,"21 Station Rd, London, LE1 1MM",Bronze
85,Wendy,Allen,wendy.allen666@example.co.uk,07717919182,"167 High St, Coventry, SW1A 1AA",Silver
86,Mia,Jones,mia.jones637@example.co.uk,07739350132,"33 Station Rd, Nottingham, B1 1BB",Silver
87,Diana,Cox,diana.cox263@example.co.uk,07896486814,"43 Mill Rd, Cardiff, LE1 1MM",Bronze
88,Yusuf,Johnson,yusuf.johnson988@example.co.uk,07779213349,"149 High St, Newcastle, S1 1EE",Platinum
89,Zoe,Howard,zoe.howard204@example.co.uk,07719720859,"177 Hill Rd, Nottingham, LS1 1DD",Bronze
90,Tom,Gray,tom.gray309@example.co.uk,07875729577,"31 School Lane, Cardiff, CV1 1NN",Bronze
91,Wendy,Rogers,wendy.rogers439@example.co.uk,07869488571,"18 Green Lane, Nottingham, L1 1FF",Bronze
92,Aaron,Collins,aaron.collins109@example.co.uk,07810479781,"163 King St, Bradford, EH1 1HH",Silver
93,Beth,Lee,beth.lee752@example.co.uk,07833782054,"70 Mill Rd, Coventry, NE1 1QQ",Platinum
94,Diana,Phillips,diana.phillips846@example.co.uk,07887721254,"69 Park Rd, Bradford, LS1 1DD",Bronze
95,Rose,Campbell,rose.campbell250@example.co.uk,07892587282,"146 Mill Rd, Nottingham, BS1 1GG",Gold
96,Bob,Collins,bob.collins872@example.co.uk,07783290672,"125 Oak Lane, Liverpool, CV1 1NN",Gold
97,Victor,Wright,victor.wright902@example.co.uk,07852835244,"71 Green Lane, London, G1 1JJ",Silver
98,Frank,Young,frank.young738@example.co.uk,07804612311,"143 School Lane, Leeds, LE1 1MM",Platinum
99,Pam,Howard,pam.howard503@example.co.uk,07814931450,"5 Church Rd, Sheffield, LS1 1DD",Platinum
100,Tom,Young,tom.young314@example.co.uk,07869709805,"95 Station Rd, Glasgow, G1 1JJ",Gold
101,Beth,Torres,beth.torres564@example.co.uk,07784468900,"180 Station Rd, Sheffield, S1 1EE",Gold
102,Olivia,Wilson,olivia.wilson739@example.co.uk,07749430876,"31 Manor Rd, Glasgow, CV1 1NN",Silver
103,Mia,Hall,mia.hall757@example.co.uk,07823389930,"186 Mill Rd, Coventry, G1 1JJ",Gold
104,Grace,Walker,grace.walker304@example.co.uk,07758478411,"46 Elm St, London, LE1 1MM",Silver
105,Rose,Williams,rose.williams998@example.co.uk,07713680238,"75 Manor Rd, Manchester, NG1 1LL",Platinum
106,Grace,Smith,grace.smith588@example.co.uk,07772592198,"123 Station Rd, Liverpool, M1 1CC",Bronze
107,Quinn,Edwards,quinn.edwards117@example.co.uk,07716520172,"126 Church Rd, Cardiff, NG1 1LL",Bronze
108,Jack,Roberts,jack.roberts831@example.co.uk,07844418594,"22 Oak Lane, Birmingham, G1 1JJ",Platinum
109,Mike,Bell,mike.bell810@example.co.uk,07858336650,"199 Green Lane, Bristol, EH1 1HH",Platinum
110,Tara,Morgan,tara.morgan440@example.co.uk,07778696251,"159 High St, Cardiff, LE1 1MM",Bronze
111,Xena,Hall,xena.hall641@example.co.uk,07754377501,"170 Church Rd, Manchester, LS1 1DD",Silver
112,Julia,Brown,julia.brown161@example.co.uk,07700528361,"116 Manor Rd, Cardiff, EH1 1HH",Gold
113,Carol,Allen,carol.allen296@example.co.uk,07880396451,"180 Hill Rd, Edinburgh, B1 1BB",Silver
114,Quinn,Bailey,quinn.bailey604@example.co.uk,07869942956,"51 Victoria St, Birmingham, G1 1JJ",Silver
115,Pam,Roberts,pam.roberts931@example.co.uk,07768966785,"37 Church Rd, London, M1 1CC",Gold
116,Mike,Torres,mike.torres845@example.co.uk,07845402630,"113 Church Rd, Edinburgh, LE1 1MM",Gold
117,Tom,Perez,tom.perez966@example.co.uk,07769624783,"139 Station Rd, Edinburgh, B1 1BB",Bronze
118,Beth,Torres,beth.torres331@example.co.uk,07854362529,"7 Church Rd, Leeds, NG1 1LL",Bronze
119,Xena,Richardson,xena.richardson842@example.co.uk,07768704238,"11 School Lane, Coventry, M1 1CC",Platinum
120,Helen,Rivera,helen.rivera453@example.co.uk,07771290305,"150 Victoria St, Nottingham, BD1 1PP",Platinum
121,Frank,Edwards,frank.edwards357@example.co.uk,07804449499,"83 Bridge St, Birmingham, BD1 1PP",Silver
122,Victor,Turner,victor.turner711@example.co.uk,07826402218,"170 Victoria St, Bradford, CV1 1NN",Bronze
123,Diana,Davies,diana.davies323@example.co.uk,07764438977,"30 School Lane, Bristol, BD1 1PP",Bronze
124,Ray,Rogers,ray.rogers474@example.co.uk,07805156837,"49 Green Lane, Liverpool, CF1 1KK",Platinum
125,Oscar,Campbell,oscar.campbell779@example.co.uk,07713313446,"69 Green Lane, Manchester, NE1 1QQ",Gold
126,Chris,Cox,chris.cox497@example.co.uk,07731130271,"162 Mill Rd, Coventry, LS1 1DD",Silver
127,Tara,Reed,tara.reed15@example.co.uk,07841527809,"24 Oak Lane, Bradford, NE1 1QQ",Bronze
128,Diana,Wilson,diana.wilson664@example.co.uk,07739622584,"184 Elm St, Glasgow, LE1 1MM",Gold
129,Aaron,Edwards,aaron.edwards484@example.co.uk,07762578975,"142 Main Ave, Bristol, LS1 1DD",Silver
130,Emma,Wright,emma.wright792@example.co.uk,07806456385,"130 Elm St, Bradford, SW1A 1AA",Gold
131,Val,Green,val.green858@example.co.uk,07850708093,"169 Station Rd, Bradford, M1 1CC",Platinum
132,Ivan,Edwards,ivan.edwards354@example.co.uk,07785678727,"196 Green Lane, Bristol, EH1 1HH",Gold
133,Mia,Cox,mia.cox245@example.co.uk,07846501574,"60 Hill Rd, Coventry, BS1 1GG",Bronze
134,Uma,Torres,uma.torres485@example.co.uk,07880950823,"98 Victoria St, Nottingham, CV1 1NN",Silver
135,Fiona,Williams,fiona.williams130@example.co.uk,07828718849,"85 Hill Rd, Birmingham, BD1 1PP",Platinum
136,Grace,Morris,grace.morris933@example.co.uk,07816116093,"185 Main Ave, Bristol, BD1 1PP",Silver
137,Emma,Edwards,emma.edwards801@example.co.uk,07767455007,"160 Manor Rd, Bristol, NG1 1LL",Bronze
138,Victor,Richardson,victor.richardson880@example.co.uk,07836498468,"82 Bridge St, Leicester, NE1 1QQ",Platinum
139,Ivan,Williams,ivan.williams633@example.co.uk,07717346174,"162 Bridge St, Newcastle, S1 1EE",Silver
140,Will,Davies,will.davies445@example.co.uk,07725897305,"163 Manor Rd, Bradford, B1 1BB",Platinum
141,Karen,Cox,karen.cox307@example.co.uk,07707148225,"84 School Lane, London, S1 1EE",Gold
142,Xander,Phillips,xander.phillips150@example.co.uk,07762656968,"106 Mill Rd, Nottingham, CV1 1NN",Silver
143,Karen,Lee,karen.lee81@example.co.uk,07856501126,"159 Bridge St, Leeds, EH1 1HH",Silver
144,Olivia,Parker,olivia.parker654@example.co.uk,07765581894,"66 Bridge St, London, NE1 1QQ",Platinum
145,Sam,Richardson,sam.richardson560@example.co.uk,07740177449,"114 Park Rd, Cardiff, S1 1EE",Platinum
146,Tom,King,tom.king468@example.co.uk,07777308894,"99 Hill Rd, Edinburgh, B1 1BB",Silver
147,Yasmin,Cook,yasmin.cook368@example.co.uk,07847410244,"180 Elm St, London, BD1 1PP",Platinum
148,Rose,Smith,rose.smith580@example.co.uk,07875916118,"191 High St, Newcastle, CF1 1KK",Platinum
149,Sam,Gray,sam.gray819@example.co.uk,07758736553,"91 Oak Lane, Nottingham, LS1 1DD",Gold
150,Sue,Peterson,sue.peterson739@example.co.uk,07896791201,"175 Hill Rd, Manchester, NG1 1LL",Bronze
151,Oscar,Rivera,oscar.rivera41@example.co.uk,07779926918,"113 High St, Cardiff, L1 1FF",Silver
152,Frank,Scott,frank.scott335@example.co.uk,07891535686,"45 Oak Lane, Manchester, CV1 1NN",Gold
153,Helen,Stewart,helen.stewart936@example.co.uk,07769970813,"43 Elm St, Newcastle, BD1 1PP",Platinum
154,Sam,Torres,sam.torres892@example.co.uk,07786943298,"30 Station Rd, Birmingham, M1 1CC",Silver
155,Sue,Ward,sue.ward691@example.co.uk,07801986827,"143 Park Rd, Birmingham, CV1 1NN",Platinum
156,Alice,King,alice.king550@example.co.uk,07731576877,"95 Bridge St, Leicester, NG1 1LL",Gold
157,Laura,Mitchell,laura.mitchell843@example.co.uk,07863489518,"28 Bridge St, Leeds, EH1 1HH",Bronze
158,Nina,Reed,nina.reed336@example.co.uk,07856332120,"166 Church Rd, Nottingham, BD1 1PP",Platinum
159,Tom,Green,tom.green665@example.co.uk,07804222343,"36 High St, London, S1 1EE",Platinum
160,Harry,Evans,harry.evans241@example.co.uk,07837242254,"100 Station Rd, Liverpool, NG1 1LL",Platinum
161,Laura,Torres,laura.torres745@example.co.uk,07739535037,"168 Church Rd, Bradford, EH1 1HH",Platinum
162,Rose,Williams,rose.williams707@example.co.uk,07794327823,"114 Station Rd, Leeds, BD1 1PP",Gold
163,Grace,Richardson,grace.richardson377@example.co.uk,07839776149,"92 High St, Bristol, S1 1EE",Silver
164,Harry,Parker,harry.parker94@example.co.uk,07869322409,"165 Bridge St, Cardiff, SW1A 1AA",Bronze
165,Victor,Young,victor.young129@example.co.uk,07844315173,"18 Hill Rd, Coventry, G1 1JJ",Silver
166,Laura,Hall,laura.hall833@example.co.uk,07759444519,"199 Main Ave, Coventry, NE1 1QQ",Bronze
167,Rose,Roberts,rose.roberts134@example.co.uk,07838362829,"45 Church Rd, Nottingham, BD1 1PP",Bronze
168,Isla,Smith,isla.smith367@example.co.uk,07760717457,"83 High St, Manchester, S1 1EE",Bronze
169,Isla,Torres,isla.torres432@example.co.uk,07834219169,"191 Church Rd, Edinburgh, EH1 1HH",Gold
170,George,Morgan,george.morgan112@example.co.uk,07815628313,"57 Mill Rd, London, LE1 1MM",Gold
171,Diana,Rivera,diana.rivera988@example.co.uk,07707163780,"123 Hill Rd, Bristol, BS1 1GG",Bronze
172,Fiona,Howard,fiona.howard932@example.co.uk,07813177060,"21 Park Rd, Cardiff, M1 1CC",Bronze
173,Isla,Wright,isla.wright640@example.co.uk,07862713799,"141 Manor Rd, Liverpool, BS1 1GG",Gold
174,Diana,Stewart,diana.stewart620@example.co.uk,07810203996,"180 Church Rd, Bradford, NG1 1LL",Silver
175,Beth,Campbell,beth.campbell910@example.co.uk,07758533914,"87 Hill Rd, Edinburgh, BS1 1GG",Platinum
176,Val,Evans,val.evans321@example.co.uk,07809427704,"171 Elm St, Liverpool, M1 1CC",Platinum
177,Emma,Davies,emma.davies852@example.co.uk,07721197758,"111 Church Rd, Leicester, LE1 1MM",Gold
178,Isla,Reed,isla.reed62@example.co.uk,07850688866,"144 Park Rd, Nottingham, B1 1BB",Platinum
179,Wendy,Cooper,wendy.cooper964@example.co.uk,07892543481,"185 High St, Sheffield, CF1 1KK",Gold
180,Wendy,Evans,wendy.evans592@example.co.uk,07829323072,"40 Bridge St, Edinburgh, LS1 1DD",Bronze
181,Wendy,Reed,wendy.reed377@example.co.uk,07729899649,"72 Mill Rd, Leeds, CV1 1NN",Platinum
182,Julia,Gray,julia.gray839@example.co.uk,07859743378,"173 Bridge St, Glasgow, SW1A 1AA",Gold
183,Bob,Lee,bob.lee280@example.co.uk,07879899444,"80 King St, Liverpool, L1 1FF",Bronze
184,Liam,Roberts,liam.roberts580@example.co.uk,07868520252,"18 Main Ave, Leicester, NG1 1LL",Bronze
185,Frank,Torres,frank.torres544@example.co.uk,07755494468,"108 Station Rd, Liverpool, M1 1CC",Gold
186,Tara,Ward,tara.ward333@example.co.uk,07898695164,"153 Church Rd, Newcastle, SW1A 1AA",Silver
187,Karen,Peterson,karen.peterson633@example.co.uk,07712806707,"21 Elm St, Edinburgh, NG1 1LL",Platinum
188,Fiona,Bell,fiona.bell453@example.co.uk,07806386436,"56 School Lane, Glasgow, B1 1BB",Gold
189,Beth,Wilson,beth.wilson291@example.co.uk,07873811444,"152 Station Rd, Glasgow, NG1 1LL",Gold
190,Carol,Allen,carol.allen405@example.co.uk,07853157443,"2 Oak Lane, Sheffield, LS1 1DD",Silver
191,Xena,King,xena.king297@example.co.uk,07783225812,"2 Station Rd, Leicester, BS1 1GG",Silver
192,Isla,Mitchell,isla.mitchell546@example.co.uk,07880341288,"129 Green Lane, Bradford, NG1 1LL",Gold
193,Emma,Perez,emma.perez883@example.co.uk,07889144357,"112 High St, Edinburgh, NE1 1QQ",Bronze
194,Uma,Cook,uma.cook440@example.co.uk,07846524068,"182 Bridge St, Bristol, S1 1EE",Bronze
195,Zoe,Jones,zoe.jones990@example.co.uk,07783280222,"159 Station Rd, Bradford, LE1 1MM",Gold
196,Frank,Phillips,frank.phillips865@example.co.uk,07727355135,"112 Mill Rd, Bristol, G1 1JJ",Bronze
197,Zoe,Green,zoe.green764@example.co.uk,07786332335,"86 School Lane, Manchester, B1 1BB",Bronze
198,Helen,Stewart,helen.stewart199@example.co.uk,07898466346,"90 Manor Rd, Bradford, NG1 1LL",Silver
199,Peter,Evans,peter.evans150@example.co.uk,07765306854,"45 Mill Rd, Manchester, CV1 1NN",Bronze
200,Liam,Gray,liam.gray644@example.co.uk,07826586490,"194 Mill Rd, Coventry, CF1 1KK",Platinum
201,Sue,Cook,sue.cook659@example.co.uk,07862754858,"83 Hill Rd, Nottingham, L1 1FF",Silver
202,Chris,Brown,chris.brown481@example.co.uk,07813762055,"78 School Lane, Sheffield, CF1 1KK",Bronze
203,Wendy,Stewart,wendy.stewart76@example.co.uk,07779584172,"116 High St, London, L1 1FF",Gold
204,Emma,Rivera,emma.rivera885@example.co.uk,07723744883,"153 Green Lane, Bristol, EH1 1HH",Bronze
205,Chris,Cook,chris.cook668@example.co.uk,07748437145,"155 Station Rd, Glasgow, M1 1CC",Bronze
206,Chris,Evans,chris.evans831@example.co.uk,07787849014,"22 Green Lane, Nottingham, M1 1CC",Bronze
207,Peter,Howard,peter.howard449@example.co.uk,07812649525,"134 Mill Rd, Manchester, L1 1FF",Gold
208,Sam,Mitchell,sam.mitchell419@example.co.uk,07898454803,"174 Mill Rd, London, CV1 1NN",Gold
209,Emma,Adams,emma.adams97@example.co.uk,07842811332,"99 Elm St, Sheffield, LE1 1MM",Silver
210,Victor,Davies,victor.davies597@example.co.uk,07869248298,"90 Elm St, Nottingham, LE1 1MM",Platinum
211,Isla,Bell,isla.bell726@example.co.uk,07721424620,"144 Victoria St, Nottingham, CV1 1NN",Gold
212,Isla,Cooper,isla.cooper720@example.co.uk,07889818709,"135 Church Rd, Nottingham, NG1 1LL",Platinum
213,George,Carter,george.carter19@example.co.uk,07792423869,"47 Oak Lane, Liverpool, CV1 1NN",Platinum
214,Mia,Allen,mia.allen141@example.co.uk,07739180913,"76 Hill Rd, Coventry, B1 1BB",Bronze
215,Ray,Adams,ray.adams898@example.co.uk,07896748052,"34 Mill Rd, Bristol, M1 1CC",Silver
216,Liam,Cox,liam.cox790@example.co.uk,07859948343,"43 Manor Rd, Edinburgh, SW1A 1AA",Platinum
217,Xander,Richardson,xander.richardson737@example.co.uk,07760565776,"157 Elm St, Coventry, LE1 1MM",Platinum
218,Olivia,Rogers,olivia.rogers245@example.co.uk,07779947903,"121 King St, Bradford, LS1 1DD",Gold
219,Sue,Cook,sue.cook452@example.co.uk,07818906814,"73 School Lane, Bristol, G1 1JJ",Platinum
220,Karen,Walker,karen.walker821@example.co.uk,07854245121,"65 High St, Nottingham, EH1 1HH",Gold
221,Julia,Evans,julia.evans729@example.co.uk,07832992512,"32 Elm St, Birmingham, CV1 1NN",Silver
222,Rose,Campbell,rose.campbell928@example.co.uk,07831254506,"112 Church Rd, Newcastle, LS1 1DD",Platinum
223,Wendy,Jones,wendy.jones425@example.co.uk,07713515712,"129 Park Rd, Leeds, BS1 1GG",Bronze
224,Xander,Allen,xander.allen29@example.co.uk,07781203896,"183 Bridge St, Liverpool, CV1 1NN",Silver
225,Isla,Williams,isla.williams294@example.co.uk,07820829884,"36 School Lane, Leicester, EH1 1HH",Platinum
226,Nina,Smith,nina.smith928@example.co.uk,07720119927,"66 Oak Lane, Bradford, M1 1CC",Platinum
227,Harry,Gray,harry.gray296@example.co.uk,07760415779,"32 High St, Leeds, BS1 1GG",Platinum
228,Emma,Wilson,emma.wilson857@example.co.uk,07827725726,"138 High St, Nottingham, G1 1JJ",Silver
229,Una,Roberts,una.roberts299@example.co.uk,07809101640,"158 Park Rd, Leeds, CF1 1KK",Platinum
230,Liam,Cooper,liam.cooper685@example.co.uk,07721648913,"93 Church Rd, Glasgow, G1 1JJ",Bronze
231,Yasmin,Edwards,yasmin.edwards45@example.co.uk,07862505674,"96 Elm St, Leicester, SW1A 1AA",Gold
232,Emma,Nelson,emma.nelson247@example.co.uk,07887789023,"161 Church Rd, Coventry, CF1 1KK",Gold
233,Isla,Williams,isla.williams361@example.co.uk,07839454992,"165 Main Ave, Bradford, CV1 1NN",Platinum
234,Tom,Edwards,tom.edwards647@example.co.uk,07746950916,"35 Church Rd, Leicester, CV1 1NN",Platinum
235,Carol,Scott,carol.scott207@example.co.uk,07711929538,"52 King St, London, L1 1FF",Gold
236,George,Perez,george.perez835@example.co.uk,07839596395,"65 High St, Coventry, NG1 1LL",Silver
237,Sam,Nelson,sam.nelson883@example.co.uk,07899150126,"168 Park Rd, Sheffield, B1 1BB",Gold
238,Beth,Perez,beth.perez762@example.co.uk,07812505426,"87 Main Ave, Edinburgh, LE1 1MM",Platinum
239,Xander,Morris,xander.morris274@example.co.uk,07721862400,"109 Church Rd, Bristol, CF1 1KK",Silver
240,Ivan,Scott,ivan.scott329@example.co.uk,07726183958,"84 Bridge St, Sheffield, S1 1EE",Platinum
241,Mike,Howard,mike.howard437@example.co.uk,07742823270,"114 Park Rd, Edinburgh, SW1A 1AA",Gold
242,Nina,Phillips,nina.phillips282@example.co.uk,07863929924,"15 Church Rd, Nottingham, NG1 1LL",Platinum
243,Xander,Stewart,xander.stewart821@example.co.uk,07891812413,"41 High St, Manchester, BD1 1PP",Platinum
244,Carol,Thomas,carol.thomas69@example.co.uk,07760916332,"166 Park Rd, Liverpool, BS1 1GG",Bronze
245,Mike,Roberts,mike.roberts696@example.co.uk,07815488984,"96 Station Rd, Coventry, B1 1BB",Silver
246,Helen,Carter,helen.carter408@example.co.uk,07780781113,"72 Oak Lane, Birmingham, SW1A 1AA",Silver
247,Fiona,Morris,fiona.morris397@example.co.uk,07843223481,"68 School Lane, Sheffield, LE1 1MM",Platinum
248,Noah,Murphy,noah.murphy293@example.co.uk,07877615060,"52 Church Rd, Manchester, BD1 1PP",Bronze
249,Chris,Lee,chris.lee921@example.co.uk,07882566732,"23 School Lane, Nottingham, BD1 1PP",Gold
250,Ray,Nelson,ray.nelson727@example.co.uk,07716676713,"139 Elm St, Newcastle, S1 1EE",Silver
251,Una,Howard,una.howard950@example.co.uk,07879768676,"45 School Lane, Liverpool, G1 1JJ",Silver
252,Harry,Walker,harry.walker812@example.co.uk,07735348235,"127 High St, Liverpool, G1 1JJ",Gold
253,Diana,Reed,diana.reed133@example.co.uk,07856190403,"17 Elm St, Bristol, LE1 1MM",Platinum
254,Helen,Turner,helen.turner788@example.co.uk,07804963333,"148 Church Rd, Manchester, L1 1FF",Bronze
255,Chris,Parker,chris.parker697@example.co.uk,07832461249,"33 King St, Bradford, CV1 1NN",Silver
256,Yusuf,Thomas,yusuf.thomas444@example.co.uk,07828158104,"32 Green Lane, Manchester, S1 1EE",Silver
257,Karen,Baker,karen.baker958@example.co.uk,07881336422,"89 Green Lane, Newcastle, S1 1EE",Bronze
258,Quinn,Walker,quinn.walker651@example.co.uk,07841387782,"33 Bridge St, Sheffield, CF1 1KK",Bronze
259,George,Rivera,george.rivera173@example.co.uk,07851708851,"40 Main Ave, Nottingham, CF1 1KK",Gold
260,Kevin,Williams,kevin.williams846@example.co.uk,07707185168,"12 Bridge St, Coventry, CF1 1KK",Gold
261,Pam,Hall,pam.hall786@example.co.uk,07846536822,"159 Bridge St, London, EH1 1HH",Gold
262,Pam,Green,pam.green495@example.co.uk,07762943776,"176 Victoria St, Sheffield, EH1 1HH",Bronze
263,Tom,Taylor,tom.taylor162@example.co.uk,07812535810,"124 Station Rd, Leeds, L1 1FF",Silver
264,Uma,Howard,uma.howard327@example.co.uk,07887462147,"103 Main Ave, Coventry, L1 1FF",Bronze
265,Uma,Young,uma.young478@example.co.uk,07731380464,"116 Oak Lane, Manchester, B1 1BB",Bronze
266,Sam,Mitchell,sam.mitchell885@example.co.uk,07857538446,"64 Hill Rd, Newcastle, M1 1CC",Gold
267,Kevin,Ward,kevin.ward321@example.co.uk,07748900190,"41 Station Rd, Glasgow, EH1 1HH",Platinum
268,Tara,Collins,tara.collins24@example.co.uk,07723512344,"130 Station Rd, Leeds, LS1 1DD",Gold
269,David,Taylor,david.taylor289@example.co.uk,07826726543,"168 Bridge St, Edinburgh, S1 1EE",Bronze
270,Grace,Phillips,grace.phillips138@example.co.uk,07767862847,"94 School Lane, Bristol, L1 1FF",Bronze
271,Zoe,Taylor,zoe.taylor584@example.co.uk,07843304110,"93 Green Lane, Sheffield, B1 1BB",Platinum
272,George,Campbell,george.campbell783@example.co.uk,07840393308,"160 Bridge St, Cardiff, B1 1BB",Silver
273,Grace,Perez,grace.perez383@example.co.uk,07786684929,"94 School Lane, Manchester, LS1 1DD",Platinum
274,George,Williams,george.williams47@example.co.uk,07709243693,"183 Park Rd, Coventry, EH1 1HH",Platinum
275,Jack,Bell,jack.bell915@example.co.uk,07831246570,"84 King St, Cardiff, L1 1FF",Silver
276,Zoe,Murphy,zoe.murphy758@example.co.uk,07776722565,"87 Green Lane, Bradford, G1 1JJ",Platinum
277,Una,Cook,una.cook307@example.co.uk,07821955374,"5 Park Rd, Liverpool, NG1 1LL",Bronze
278,Aaron,Morgan,aaron.morgan316@example.co.uk,07885821466,"162 High St, Cardiff, EH1 1HH",Gold
279,Pam,Gray,pam.gray593@example.co.uk,07847338596,"185 High St, Cardiff, EH1 1HH",Silver
280,Helen,Bailey,helen.bailey739@example.co.uk,07858912233,"98 Main Ave, Bradford, NG1 1LL",Silver
281,Carol,Cook,carol.cook971@example.co.uk,07879215233,"49 High St, Edinburgh, L1 1FF",Platinum
282,Jack,Turner,jack.turner708@example.co.uk,07752530311,"129 School Lane, Cardiff, NE1 1QQ",Platinum
283,Will,Ward,will.ward64@example.co.uk,07880244789,"133 Oak Lane, Glasgow, L1 1FF",Platinum
284,Helen,Mitchell,helen.mitchell322@example.co.uk,07744581992,"137 Park Rd, Glasgow, L1 1FF",Gold
285,Nina,Edwards,nina.edwards197@example.co.uk,07763392559,"143 Elm St, Leeds, S1 1EE",Gold
286,Una,Hall,una.hall707@example.co.uk,07880612756,"82 Station Rd, Liverpool, G1 1JJ",Gold
287,Sam,Wilson,sam.wilson588@example.co.uk,07873669576,"98 King St, Bristol, BD1 1PP",Gold
288,Yusuf,Roberts,yusuf.roberts298@example.co.uk,07710401602,"183 Church Rd, Liverpool, NE1 1QQ",Platinum
289,Pam,King,pam.king766@example.co.uk,07822324381,"52 Hill Rd, Glasgow, S1 1EE",Gold
290,Isla,Evans,isla.evans631@example.co.uk,07889715336,"62 Oak Lane, London, NG1 1LL",Silver
291,Oscar,Allen,oscar.allen54@example.co.uk,07725533377,"85 Manor Rd, Edinburgh, B1 1BB",Silver
292,Alice,Reed,alice.reed952@example.co.uk,07740526673,"168 King St, Newcastle, NE1 1QQ",Platinum
293,Evan,Rivera,evan.rivera205@example.co.uk,07893401198,"83 Elm St, Nottingham, SW1A 1AA",Bronze
294,Pam,Cook,pam.cook238@example.co.uk,07836874568,"186 Hill Rd, Newcastle, SW1A 1AA",Silver
295,Aaron,Lee,aaron.lee957@example.co.uk,07709976822,"102 School Lane, Edinburgh, M1 1CC",Gold
296,Carol,Smith,carol.smith306@example.co.uk,07845732063,"28 King St, Liverpool, S1 1EE",Platinum
297,Pam,Rogers,pam.rogers537@example.co.uk,07826240718,"130 Station Rd, Sheffield, LS1 1DD",Bronze
298,Victor,Johnson,victor.johnson749@example.co.uk,07817779776,"66 Manor Rd, Manchester, SW1A 1AA",Gold
299,Sam,Cook,sam.cook691@example.co.uk,07893302544,"45 Mill Rd, Bradford, NG1 1LL",Platinum
300,Beth,Stewart,beth.stewart336@example.co.uk,07722520304,"172 Church Rd, Manchester, M1 1CC",Platinum
301,Uma,Young,uma.young7@example.co.uk,07766502206,"61 Station Rd, Coventry, S1 1EE",Gold
302,Tara,Morgan,tara.morgan741@example.co.uk,07846111991,"67 Bridge St, Liverpool, LE1 1MM",Silver
303,David,Cooper,david.cooper122@example.co.uk,07819421709,"41 Victoria St, Nottingham, G1 1JJ",Gold
304,Tom,Wilson,tom.wilson655@example.co.uk,07775485397,"158 Oak Lane, Leeds, M1 1CC",Platinum
305,Jack,Parker,jack.parker766@example.co.uk,07855491774,"107 Manor Rd, Glasgow, NE1 1QQ",Platinum
306,Xena,Rogers,xena.rogers822@example.co.uk,07870965708,"56 School Lane, Leeds, NG1 1LL",Bronze
307,Helen,Campbell,helen.campbell541@example.co.uk,07880479358,"20 King St, Cardiff, B1 1BB",Bronze
308,Julia,Stewart,julia.stewart208@example.co.uk,07846662728,"39 Main Ave, Liverpool, BD1 1PP",Platinum
309,Harry,Richardson,harry.richardson211@example.co.uk,07883711474,"126 Church Rd, Newcastle, G1 1JJ",Platinum
310,David,Parker,david.parker136@example.co.uk,07831535604,"117 Mill Rd, London, G1 1JJ",Platinum
311,Sue,Green,sue.green741@example.co.uk,07705515182,"66 Hill Rd, London, LE1 1MM",Silver
312,Laura,Brown,laura.brown47@example.co.uk,07808461264,"180 Church Rd, Glasgow, SW1A 1AA",Bronze
313,Evan,Williams,evan.williams294@example.co.uk,07804288724,"197 Main Ave, Coventry, NG1 1LL",Platinum
314,Xander,Mitchell,xander.mitchell460@example.co.uk,07796493892,"21 Bridge St, Nottingham, BD1 1PP",Silver
315,Pam,Nelson,pam.nelson122@example.co.uk,07745663356,"101 Green Lane, Manchester, LE1 1MM",Silver
316,Alice,Peterson,alice.peterson24@example.co.uk,07776585494,"173 Manor Rd, Glasgow, BS1 1GG",Platinum
317,Olivia,Young,olivia.young472@example.co.uk,07788262656,"71 Oak Lane, Newcastle, NE1 1QQ",Bronze
318,Carol,Cooper,carol.cooper430@example.co.uk,07857903265,"5 Oak Lane, Leeds, B1 1BB",Bronze
319,Mike,Williams,mike.williams458@example.co.uk,07853804667,"181 Hill Rd, London, LS1 1DD",Bronze
320,Zoe,Campbell,zoe.campbell240@example.co.uk,07838327823,"194 Hill Rd, Coventry, SW1A 1AA",Silver
321,George,Scott,george.scott240@example.co.uk,07887704095,"82 Mill Rd, Cardiff, CV1 1NN",Gold
322,Peter,Green,peter.green898@example.co.uk,07736792282,"134 Oak Lane, Bristol, S1 1EE",Gold
323,David,Reed,david.reed972@example.co.uk,07851870925,"45 Bridge St, Nottingham, BS1 1GG",Platinum
324,David,Nelson,david.nelson965@example.co.uk,07864803953,"98 School Lane, Glasgow, L1 1FF",Platinum
325,Aaron,Roberts,aaron.roberts308@example.co.uk,07796292811,"194 Green Lane, Edinburgh, LS1 1DD",Silver
326,Tara,Howard,tara.howard148@example.co.uk,07818160423,"144 Victoria St, Bristol, G1 1JJ",Silver
327,Yasmin,Young,yasmin.young262@example.co.uk,07752446305,"166 Church Rd, Newcastle, EH1 1HH",Gold
328,Frank,Rogers,frank.rogers742@example.co.uk,07748154040,"69 Victoria St, Nottingham, CF1 1KK",Bronze
329,Emma,Walker,emma.walker824@example.co.uk,07894716126,"186 Bridge St, Glasgow, LS1 1DD",Platinum
330,Noah,Adams,noah.adams311@example.co.uk,07703322096,"49 Manor Rd, Birmingham, LE1 1MM",Platinum
331,Peter,Cox,peter.cox619@example.co.uk,07880314447,"102 King St, Leeds, G1 1JJ",Gold
332,Yusuf,Scott,yusuf.scott390@example.co.uk,07819659572,"167 Park Rd, Sheffield, S1 1EE",Gold
333,George,Collins,george.collins478@example.co.uk,07725941814,"185 Station Rd, Coventry, BD1 1PP",Gold
334,Noah,Carter,noah.carter321@example.co.uk,07805147936,"145 Hill Rd, Leeds, LE1 1MM",Silver
335,Bob,King,bob.king567@example.co.uk,07849707275,"185 Victoria St, Sheffield, M1 1CC",Silver
336,Victor,Allen,victor.allen389@example.co.uk,07845973844,"63 Station Rd, Glasgow, NG1 1LL",Gold
337,Quinn,Peterson,quinn.peterson842@example.co.uk,07825858705,"165 Manor Rd, Edinburgh, EH1 1HH",Silver
338,Val,Nelson,val.nelson174@example.co.uk,07735855303,"140 Station Rd, Manchester, NE1 1QQ",Bronze
339,Helen,Williams,helen.williams860@example.co.uk,07719957730,"172 High St, Coventry, SW1A 1AA",Platinum
340,Isla,Bailey,isla.bailey237@example.co.uk,07717841521,"39 High St, Leeds, G1 1JJ",Platinum
341,Xander,Taylor,xander.taylor633@example.co.uk,07863799143,"158 King St, Edinburgh, NG1 1LL",Platinum
342,Bob,Smith,bob.smith545@example.co.uk,07841531319,"4 High St, Glasgow, LE1 1MM",Gold
343,Ivan,Scott,ivan.scott18@example.co.uk,07828952657,"179 Bridge St, Bristol, CV1 1NN",Silver
344,Grace,Evans,grace.evans537@example.co.uk,07738352674,"50 Mill Rd, Glasgow, S1 1EE",Gold
345,Rose,Perez,rose.perez81@example.co.uk,07795525750,"118 Mill Rd, Leeds, LE1 1MM",Silver
346,Tara,Richardson,tara.richardson848@example.co.uk,07720785491,"167 School Lane, London, B1 1BB",Platinum
347,Yasmin,Mitchell,yasmin.mitchell566@example.co.uk,07821158840,"164 High St, Leicester, M1 1CC",Bronze
348,Fiona,Phillips,fiona.phillips661@example.co.uk,07900447362,"145 Hill Rd, Birmingham, NE1 1QQ",Bronze
349,Olivia,Hall,olivia.hall923@example.co.uk,07877694316,"122 Elm St, London, NE1 1QQ",Bronze
350,Sue,Wright,sue.wright921@example.co.uk,07839690882,"169 High St, Manchester, NE1 1QQ",Gold
351,Bob,Hall,bob.hall602@example.co.uk,07736888795,"183 Hill Rd, Bristol, NE1 1QQ",Bronze
352,Tara,Johnson,tara.johnson578@example.co.uk,07761694223,"100 Bridge St, Newcastle, G1 1JJ",Gold
353,Yasmin,Peterson,yasmin.peterson758@example.co.uk,07735928897,"177 Manor Rd, Birmingham, G1 1JJ",Gold
354,David,Evans,david.evans448@example.co.uk,07759979414,"20 Park Rd, Cardiff, CV1 1NN",Platinum
355,Yusuf,Baker,yusuf.baker31@example.co.uk,07862386604,"116 Station Rd, Leeds, L1 1FF",Platinum
356,Beth,Lee,beth.lee697@example.co.uk,07849792764,"98 Church Rd, Coventry, CF1 1KK",Gold
357,Peter,Howard,peter.howard76@example.co.uk,07721380989,"40 Victoria St, Leicester, CV1 1NN",Silver
358,Will,Mitchell,will.mitchell325@example.co.uk,07792211726,"24 High St, Sheffield, EH1 1HH",Gold
359,Xena,Wright,xena.wright105@example.co.uk,07733191537,"48 Victoria St, Edinburgh, G1 1JJ",Platinum
360,Grace,Jones,grace.jones92@example.co.uk,07790681141,"24 Mill Rd, Cardiff, CV1 1NN",Gold
361,Yasmin,Smith,yasmin.smith299@example.co.uk,07805506637,"200 Church Rd, Leicester, NE1 1QQ",Silver
362,Kevin,Morris,kevin.morris174@example.co.uk,07875499226,"44 Main Ave, Sheffield, S1 1EE",Gold
363,Fiona,Roberts,fiona.roberts65@example.co.uk,07742555791,"71 Victoria St, Sheffield, EH1 1HH",Bronze
364,Xander,King,xander.king967@example.co.uk,07763855917,"161 Station Rd, Cardiff, CF1 1KK",Silver
365,Diana,Evans,diana.evans139@example.co.uk,07777107096,"102 Park Rd, Bradford, CF1 1KK",Platinum
366,Victor,Campbell,victor.campbell343@example.co.uk,07810955088,"167 Mill Rd, Manchester, S1 1EE",Gold
367,Mike,Cox,mike.cox206@example.co.uk,07822429445,"46 Victoria St, Liverpool, S1 1EE",Platinum
368,Kevin,Young,kevin.young334@example.co.uk,07796393916,"101 Park Rd, Birmingham, NE1 1QQ",Silver
369,Laura,Rogers,laura.rogers185@example.co.uk,07874904905,"141 High St, Leicester, EH1 1HH",Silver
370,Chris,Scott,chris.scott852@example.co.uk,07877172518,"105 Bridge St, Edinburgh, M1 1CC",Gold
371,Peter,King,peter.king675@example.co.uk,07739849979,"109 School Lane, Bristol, B1 1BB",Platinum
372,Mike,Edwards,mike.edwards597@example.co.uk,07802660324,"130 King St, Newcastle, BD1 1PP",Platinum
373,Ivan,Williams,ivan.williams810@example.co.uk,07792835716,"138 Mill Rd, Nottingham, NE1 1QQ",Bronze
374,Grace,Gray,grace.gray255@example.co.uk,07868796982,"91 Main Ave, Nottingham, CF1 1KK",Bronze
375,Kevin,Rivera,kevin.rivera694@example.co.uk,07865519029,"193 Park Rd, Coventry, BS1 1GG",Bronze
376,Alice,Evans,alice.evans265@example.co.uk,07756635482,"192 Green Lane, Glasgow, CF1 1KK",Silver
377,Chris,Carter,chris.carter401@example.co.uk,07818909859,"174 Mill Rd, Leicester, G1 1JJ",Silver
378,Wendy,Jones,wendy.jones495@example.co.uk,07726409783,"107 King St, Birmingham, B1 1BB",Silver
379,Wendy,Green,wendy.green352@example.co.uk,07816922366,"53 Green Lane, Edinburgh, L1 1FF",Platinum
380,Grace,Campbell,grace.campbell740@example.co.uk,07878574425,"82 Church Rd, Sheffield, SW1A 1AA",Bronze
381,Bob,Adams,bob.adams664@example.co.uk,07727810032,"43 King St, Leicester, LS1 1DD",Silver
382,Julia,Johnson,julia.johnson339@example.co.uk,07843547080,"119 Oak Lane, Coventry, BS1 1GG",Silver
383,Liam,Bailey,liam.bailey674@example.co.uk,07810514798,"8 Manor Rd, Cardiff, NE1 1QQ",Silver
384,Chris,Morgan,chris.morgan440@example.co.uk,07799104666,"181 Oak Lane, Leeds, S1 1EE",Bronze
385,Kevin,Evans,kevin.evans819@example.co.uk,07837296041,"94 Park Rd, Leeds, EH1 1HH",Bronze
386,Quinn,Cooper,quinn.cooper884@example.co.uk,07825653349,"164 Park Rd, Cardiff, BS1 1GG",Platinum
387,Laura,Wilson,laura.wilson357@example.co.uk,07790986589,"118 Mill Rd, Manchester, BD1 1PP",Gold
388,Nina,Morgan,nina.morgan87@example.co.uk,07872240454,"81 Church Rd, Leeds, S1 1EE",Bronze
389,Liam,Carter,liam.carter711@example.co.uk,07736635638,"100 Victoria St, Cardiff, M1 1CC",Platinum
390,Beth,Lee,beth.lee499@example.co.uk,07862663483,"178 King St, Nottingham, NE1 1QQ",Silver
391,Julia,Johnson,julia.johnson502@example.co.uk,07773247111,"48 Park Rd, Bradford, EH1 1HH",Bronze
392,Wendy,Smith,wendy.smith497@example.co.uk,07734304607,"99 Green Lane, Glasgow, NG1 1LL",Platinum
393,Aaron,Richardson,aaron.richardson504@example.co.uk,07806844638,"114 Station Rd, Manchester, B1 1BB",Bronze
394,Xena,Allen,xena.allen300@example.co.uk,07708388204,"58 Green Lane, Sheffield, M1 1CC",Platinum
395,Kevin,Torres,kevin.torres792@example.co.uk,07896619373,"141 Green Lane, Birmingham, CF1 1KK",Bronze
396,Rose,Gray,rose.gray557@example.co.uk,07793668373,"194 High St, Coventry, LE1 1MM",Platinum
397,Ivan,Hall,ivan.hall436@example.co.uk,07726871740,"168 School Lane, Leeds, S1 1EE",Bronze
398,Chris,King,chris.king357@example.co.uk,07722560398,"31 School Lane, Coventry, LS1 1DD",Silver
399,Will,Morgan,will.morgan706@example.co.uk,07789845279,"157 Bridge St, Bristol, M1 1CC",Silver
400,Noah,Hall,noah.hall825@example.co.uk,07715697766,"90 Green Lane, Sheffield, CF1 1KK",Silver
401,Uma,Howard,uma.howard300@example.co.uk,07774700556,"69 Hill Rd, Glasgow, NE1 1QQ",Bronze
402,Isla,Peterson,isla.peterson805@example.co.uk,07805162165,"71 Hill Rd, Nottingham, M1 1CC",Silver
403,Peter,Roberts,peter.roberts729@example.co.uk,07782968726,"64 School Lane, Bradford, NG1 1LL",Platinum
404,Fiona,Roberts,fiona.roberts592@example.co.uk,07861381770,"161 Victoria St, Bristol, EH1 1HH",Bronze
405,Oscar,Gray,oscar.gray96@example.co.uk,07803640659,"192 Elm St, Leicester, NE1 1QQ",Gold
406,Diana,Collins,diana.collins336@example.co.uk,07848102593,"199 Hill Rd, Leicester, B1 1BB",Platinum
407,Oscar,Cooper,oscar.cooper715@example.co.uk,07791991401,"17 School Lane, Glasgow, BS1 1GG",Silver
408,Beth,Hall,beth.hall507@example.co.uk,07768438548,"73 Park Rd, Glasgow, CF1 1KK",Silver
409,Kevin,Collins,kevin.collins808@example.co.uk,07787815707,"196 High St, London, B1 1BB",Platinum
410,Bob,Wilson,bob.wilson952@example.co.uk,07740562721,"117 High St, Bristol, LS1 1DD",Silver
411,Pam,Green,pam.green163@example.co.uk,07770197874,"168 Park Rd, Sheffield, B1 1BB",Gold
412,Ray,Rivera,ray.rivera170@example.co.uk,07713515594,"161 Elm St, Leicester, LE1 1MM",Silver
413,Beth,Rivera,beth.rivera94@example.co.uk,07880199807,"1 Oak Lane, Edinburgh, B1 1BB",Silver
414,Laura,Allen,laura.allen532@example.co.uk,07874566686,"3 High St, Leicester, L1 1FF",Bronze
415,Beth,Cox,beth.cox136@example.co.uk,07822174268,"59 Victoria St, Birmingham, LE1 1MM",Bronze
416,Grace,Baker,grace.baker377@example.co.uk,07776243790,"98 School Lane, Bradford, CV1 1NN",Silver
417,Pam,Richardson,pam.richardson147@example.co.uk,07717656278,"145 High St, Cardiff, NG1 1LL",Silver
418,Chris,Nelson,chris.nelson740@example.co.uk,07754758589,"192 Main Ave, Newcastle, BS1 1GG",Platinum
419,Noah,Davies,noah.davies919@example.co.uk,07725246814,"193 Church Rd, Cardiff, LE1 1MM",Platinum
420,Wendy,Phillips,wendy.phillips323@example.co.uk,07735359822,"71 Bridge St, Birmingham, LS1 1DD",Gold
421,Yusuf,Cox,yusuf.cox28@example.co.uk,07868416302,"53 Green Lane, Cardiff, G1 1JJ",Silver
422,Will,Perez,will.perez303@example.co.uk,07865157219,"62 Station Rd, Bristol, B1 1BB",Silver
423,Fiona,Bailey,fiona.bailey609@example.co.uk,07718653948,"4 Park Rd, Newcastle, L1 1FF",Silver
424,Yasmin,Cook,yasmin.cook431@example.co.uk,07793672896,"175 Main Ave, Coventry, EH1 1HH",Bronze
425,Bob,Morgan,bob.morgan70@example.co.uk,07703374921,"56 High St, Newcastle, SW1A 1AA",Platinum
426,George,Scott,george.scott644@example.co.uk,07882625387,"197 Victoria St, Bristol, LE1 1MM",Platinum
427,Frank,Bailey,frank.bailey550@example.co.uk,07837745972,"40 Elm St, Birmingham, S1 1EE",Bronze
428,George,Hall,george.hall998@example.co.uk,07739662445,"84 Victoria St, Cardiff, NG1 1LL",Bronze
429,Tara,Cox,tara.cox448@example.co.uk,07886987586,"62 High St, Leeds, B1 1BB",Platinum
430,Harry,Parker,harry.parker627@example.co.uk,07855157701,"80 Bridge St, Leicester, NG1 1LL",Silver
431,Harry,Smith,harry.smith725@example.co.uk,07735835575,"3 Main Ave, Edinburgh, L1 1FF",Gold
432,Karen,Carter,karen.carter130@example.co.uk,07891919067,"69 Manor Rd, Newcastle, B1 1BB",Bronze
433,Victor,Phillips,victor.phillips279@example.co.uk,07834166974,"68 Manor Rd, Cardiff, NG1 1LL",Bronze
434,Fiona,Parker,fiona.parker524@example.co.uk,07792158132,"128 Hill Rd, Cardiff, M1 1CC",Gold
435,Karen,King,karen.king792@example.co.uk,07726701790,"173 Manor Rd, Birmingham, LS1 1DD",Bronze
436,Carol,Smith,carol.smith251@example.co.uk,07711594681,"94 Victoria St, Newcastle, M1 1CC",Silver
437,Carol,Reed,carol.reed823@example.co.uk,07882876644,"168 Victoria St, Leeds, L1 1FF",Silver
438,Aaron,Ward,aaron.ward328@example.co.uk,07769966120,"20 Mill Rd, Liverpool, B1 1BB",Bronze
439,Liam,Allen,liam.allen824@example.co.uk,07832148159,"103 Church Rd, Newcastle, EH1 1HH",Gold
440,Yusuf,Green,yusuf.green336@example.co.uk,07722679958,"117 High St, Liverpool, LS1 1DD",Gold
441,Kevin,Green,kevin.green758@example.co.uk,07859354367,"119 Park Rd, Cardiff, EH1 1HH",Silver
442,Val,Rogers,val.rogers779@example.co.uk,07762257880,"2 King St, Bristol, SW1A 1AA",Silver
443,Ivan,Nelson,ivan.nelson652@example.co.uk,07877110060,"86 High St, Coventry, NG1 1LL",Platinum
444,Will,Ward,will.ward315@example.co.uk,07726315161,"136 Oak Lane, Bristol, EH1 1HH",Bronze
445,Jack,Howard,jack.howard287@example.co.uk,07723146032,"60 King St, Bradford, G1 1JJ",Platinum
446,Tom,Carter,tom.carter470@example.co.uk,07891189026,"149 Church Rd, Glasgow, M1 1CC",Platinum
447,Emma,Morgan,emma.morgan582@example.co.uk,07715556112,"170 Main Ave, Leeds, S1 1EE",Gold
448,Uma,Perez,uma.perez718@example.co.uk,07888442099,"82 Station Rd, Sheffield, LS1 1DD",Bronze
449,Mia,Thomas,mia.thomas799@example.co.uk,07897713110,"28 Main Ave, Birmingham, M1 1CC",Platinum
450,Diana,Baker,diana.baker417@example.co.uk,07730661957,"92 School Lane, Leeds, EH1 1HH",Gold
451,Diana,King,diana.king873@example.co.uk,07730194813,"41 School Lane, Nottingham, S1 1EE",Bronze
452,Noah,Baker,noah.baker152@example.co.uk,07723845702,"64 Park Rd, Bristol, G1 1JJ",Bronze
453,Sue,Green,sue.green267@example.co.uk,07744132591,"104 Hill Rd, Edinburgh, G1 1JJ",Silver
454,Grace,Parker,grace.parker105@example.co.uk,07735227352,"4 High St, Bradford, CV1 1NN",Silver
455,Isla,Walker,isla.walker844@example.co.uk,07802490321,"176 Bridge St, Nottingham, B1 1BB",Gold
456,Emma,Jones,emma.jones67@example.co.uk,07750777366,"114 School Lane, Manchester, B1 1BB",Gold
457,Harry,Williams,harry.williams965@example.co.uk,07818153097,"44 King St, Cardiff, BS1 1GG",Platinum
458,Fiona,Jones,fiona.jones392@example.co.uk,07874547389,"45 Park Rd, Leeds, NE1 1QQ",Silver
459,Rose,Wright,rose.wright457@example.co.uk,07738136332,"158 Mill Rd, Cardiff, LS1 1DD",Gold
460,Fiona,Turner,fiona.turner904@example.co.uk,07840602300,"16 Church Rd, Sheffield, BS1 1GG",Silver
461,Aaron,Walker,aaron.walker659@example.co.uk,07834361250,"162 School Lane, Glasgow, CV1 1NN",Bronze
462,Yasmin,Howard,yasmin.howard368@example.co.uk,07822670968,"125 Park Rd, Newcastle, CF1 1KK",Gold
463,Yasmin,Wright,yasmin.wright185@example.co.uk,07706434367,"153 Oak Lane, London, NE1 1QQ",Gold
464,David,Edwards,david.edwards543@example.co.uk,07791904092,"150 Oak Lane, Manchester, B1 1BB",Silver
465,Ray,Young,ray.young273@example.co.uk,07836955937,"189 High St, Coventry, LS1 1DD",Platinum
466,Wendy,Lee,wendy.lee181@example.co.uk,07760721301,"82 School Lane, Leicester, LE1 1MM",Gold
467,Laura,Jones,laura.jones721@example.co.uk,07879468765,"146 Mill Rd, Manchester, CF1 1KK",Silver
468,Fiona,Rogers,fiona.rogers317@example.co.uk,07744614259,"10 Church Rd, London, LS1 1DD",Silver
469,Bob,Morris,bob.morris490@example.co.uk,07700447848,"158 Oak Lane, Coventry, M1 1CC",Gold
470,Una,Lee,una.lee941@example.co.uk,07782162448,"6 Main Ave, Cardiff, LE1 1MM",Silver
471,Yusuf,Wilson,yusuf.wilson867@example.co.uk,07834482614,"19 Park Rd, Leicester, NG1 1LL",Platinum
472,Laura,Evans,laura.evans345@example.co.uk,07777438273,"35 Main Ave, Leicester, BS1 1GG",Platinum
473,Pam,Baker,pam.baker179@example.co.uk,07881689275,"178 King St, Newcastle, CF1 1KK",Gold
474,Olivia,Cooper,olivia.cooper604@example.co.uk,07744496764,"79 Manor Rd, Leicester, S1 1EE",Silver
475,Liam,Ward,liam.ward2@example.co.uk,07879700660,"101 Hill Rd, Coventry, CF1 1KK",Bronze
476,Liam,Bell,liam.bell326@example.co.uk,07856331625,"164 Mill Rd, Birmingham, NE1 1QQ",Platinum
477,Jack,Adams,jack.adams764@example.co.uk,07719349556,"89 Park Rd, Manchester, NG1 1LL",Bronze
478,Una,Cooper,una.cooper655@example.co.uk,07886452058,"115 High St, Sheffield, LS1 1DD",Silver
479,Tom,Brown,tom.brown359@example.co.uk,07765925250,"28 Manor Rd, London, SW1A 1AA",Platinum
480,Chris,Ward,chris.ward430@example.co.uk,07742534130,"127 King St, Bristol, L1 1FF",Platinum
481,Grace,Edwards,grace.edwards808@example.co.uk,07847782591,"195 Bridge St, Leeds, M1 1CC",Platinum
482,Emma,Williams,emma.williams302@example.co.uk,07705434198,"67 Church Rd, Birmingham, L1 1FF",Silver
483,Yasmin,Johnson,yasmin.johnson750@example.co.uk,07719673619,"24 Park Rd, Cardiff, CF1 1KK",Platinum
484,Una,Jones,una.jones442@example.co.uk,07867273012,"156 King St, Bristol, M1 1CC",Bronze
485,Grace,Adams,grace.adams211@example.co.uk,07748529161,"179 Green Lane, Leicester, NE1 1QQ",Gold
486,Ray,Scott,ray.scott305@example.co.uk,07760200575,"13 Victoria St, Cardiff, G1 1JJ",Platinum
487,Jack,Taylor,jack.taylor370@example.co.uk,07700548377,"23 Elm St, Bradford, NG1 1LL",Platinum
488,Mia,Evans,mia.evans27@example.co.uk,07752279130,"164 Elm St, Birmingham, EH1 1HH",Bronze
489,Tara,Perez,tara.perez483@example.co.uk,07825793150,"68 Church Rd, Nottingham, G1 1JJ",Platinum
490,Liam,Carter,liam.carter907@example.co.uk,07797487345,"48 Station Rd, London, S1 1EE",Platinum
491,Diana,King,diana.king232@example.co.uk,07768691655,"16 Main Ave, Coventry, LE1 1MM",Bronze
492,Frank,Cooper,frank.cooper353@example.co.uk,07838534096,"194 Mill Rd, Leeds, G1 1JJ",Bronze
493,Yasmin,Morris,yasmin.morris429@example.co.uk,07837820442,"122 Mill Rd, Newcastle, LS1 1DD",Platinum
494,Tara,Davies,tara.davies405@example.co.uk,07882136415,"129 Mill Rd, Newcastle, G1 1JJ",Silver
495,Harry,Peterson,harry.peterson460@example.co.uk,07744275284,"55 School Lane, Leeds, M1 1CC",Bronze
496,Beth,Davies,beth.davies700@example.co.uk,07811311727,"161 Main Ave, Bradford, CF1 1KK",Gold
497,Uma,Ward,uma.ward937@example.co.uk,07717191254,"100 Green Lane, Bristol, G1 1JJ",Gold
498,Rose,Morris,rose.morris470@example.co.uk,07703924758,"180 Mill Rd, Cardiff, G1 1JJ",Platinum
499,Harry,Turner,harry.turner154@example.co.uk,07737694116,"151 Mill Rd, Coventry, B1 1BB",Bronze
500,Kevin,Gray,kevin.gray104@example.co.uk,07773661652,"89 King St, Bristol, S1 1EE",Platinum
